date,day_of_week,is_weekend,is_holiday,holiday_name,holiday_type
2021-01-01,Friday,False,True,Yılbaşı,national
2021-01-02,Saturday,True,False,,
2021-01-03,Sunday,True,False,,
2021-01-04,Monday,False,False,,
2021-01-05,Tuesday,False,False,,
2021-01-06,Wednesday,False,False,,
2021-01-07,Thursday,False,False,,
2021-01-08,Friday,False,False,,
2021-01-09,Saturday,True,False,,
2021-01-10,Sunday,True,False,,
2021-01-11,Monday,False,False,,
2021-01-12,Tuesday,False,False,,
2021-01-13,Wednesday,False,False,,
2021-01-14,Thursday,False,False,,
2021-01-15,Friday,False,False,,
2021-01-16,Saturday,True,False,,
2021-01-17,Sunday,True,False,,
2021-01-18,Monday,False,False,,
2021-01-19,Tuesday,False,False,,
2021-01-20,Wednesday,False,False,,
2021-01-21,Thursday,False,False,,
2021-01-22,Friday,False,False,,
2021-01-23,Saturday,True,False,,
2021-01-24,Sunday,True,False,,
2021-01-25,Monday,False,True,Sömestr Tatili (Yarıyıl),school
2021-01-26,Tuesday,False,True,Sömestr Tatili (Yarıyıl),school
2021-01-27,Wednesday,False,True,Sömestr Tatili (Yarıyıl),school
2021-01-28,Thursday,False,True,Sömestr Tatili (Yarıyıl),school
2021-01-29,Friday,False,True,Sömestr Tatili (Yarıyıl),school
2021-01-30,Saturday,True,True,Sömestr Tatili (Yarıyıl),school
2021-01-31,Sunday,True,True,Sömestr Tatili (Yarıyıl),school
2021-02-01,Monday,False,True,Sömestr Tatili (Yarıyıl),school
2021-02-02,Tuesday,False,True,Sömestr Tatili (Yarıyıl),school
2021-02-03,Wednesday,False,True,Sömestr Tatili (Yarıyıl),school
2021-02-04,Thursday,False,True,Sömestr Tatili (Yarıyıl),school
2021-02-05,Friday,False,True,Sömestr Tatili (Yarıyıl),school
2021-02-06,Saturday,True,True,Sömestr Tatili (Yarıyıl),school
2021-02-07,Sunday,True,True,Sömestr Tatili (Yarıyıl),school
2021-02-08,Monday,False,True,Sömestr Tatili (Yarıyıl),school
2021-02-09,Tuesday,False,True,Sömestr Tatili (Yarıyıl),school
2021-02-10,Wednesday,False,True,Sömestr Tatili (Yarıyıl),school
2021-02-11,Thursday,False,True,Sömestr Tatili (Yarıyıl),school
2021-02-12,Friday,False,True,Sömestr Tatili (Yarıyıl),school
2021-02-13,Saturday,True,True,Sömestr Tatili (Yarıyıl),school
2021-02-14,Sunday,True,True,Sömestr Tatili (Yarıyıl),school
2021-02-15,Monday,False,True,Sömestr Tatili (Yarıyıl),school
2021-02-16,Tuesday,False,False,,
2021-02-17,Wednesday,False,False,,
2021-02-18,Thursday,False,False,,
2021-02-19,Friday,False,False,,
2021-02-20,Saturday,True,False,,
2021-02-21,Sunday,True,False,,
2021-02-22,Monday,False,False,,
2021-02-23,Tuesday,False,False,,
2021-02-24,Wednesday,False,False,,
2021-02-25,Thursday,False,False,,
2021-02-26,Friday,False,False,,
2021-02-27,Saturday,True,False,,
2021-02-28,Sunday,True,False,,
2021-03-01,Monday,False,False,,
2021-03-02,Tuesday,False,False,,
2021-03-03,Wednesday,False,False,,
2021-03-04,Thursday,False,False,,
2021-03-05,Friday,False,False,,
2021-03-06,Saturday,True,False,,
2021-03-07,Sunday,True,False,,
2021-03-08,Monday,False,False,,
2021-03-09,Tuesday,False,False,,
2021-03-10,Wednesday,False,False,,
2021-03-11,Thursday,False,False,,
2021-03-12,Friday,False,False,,
2021-03-13,Saturday,True,False,,
2021-03-14,Sunday,True,False,,
2021-03-15,Monday,False,False,,
2021-03-16,Tuesday,False,False,,
2021-03-17,Wednesday,False,False,,
2021-03-18,Thursday,False,False,,
2021-03-19,Friday,False,False,,
2021-03-20,Saturday,True,False,,
2021-03-21,Sunday,True,False,,
2021-03-22,Monday,False,False,,
2021-03-23,Tuesday,False,False,,
2021-03-24,Wednesday,False,False,,
2021-03-25,Thursday,False,False,,
2021-03-26,Friday,False,False,,
2021-03-27,Saturday,True,False,,
2021-03-28,Sunday,True,False,,
2021-03-29,Monday,False,False,,
2021-03-30,Tuesday,False,False,,
2021-03-31,Wednesday,False,False,,
2021-04-01,Thursday,False,False,,
2021-04-02,Friday,False,False,,
2021-04-03,Saturday,True,False,,
2021-04-04,Sunday,True,False,,
2021-04-05,Monday,False,False,,
2021-04-06,Tuesday,False,False,,
2021-04-07,Wednesday,False,False,,
2021-04-08,Thursday,False,False,,
2021-04-09,Friday,False,False,,
2021-04-10,Saturday,True,False,,
2021-04-11,Sunday,True,False,,
2021-04-12,Monday,False,False,,
2021-04-13,Tuesday,False,False,,
2021-04-14,Wednesday,False,False,,
2021-04-15,Thursday,False,False,,
2021-04-16,Friday,False,False,,
2021-04-17,Saturday,True,False,,
2021-04-18,Sunday,True,False,,
2021-04-19,Monday,False,False,,
2021-04-20,Tuesday,False,False,,
2021-04-21,Wednesday,False,False,,
2021-04-22,Thursday,False,False,,
2021-04-23,Friday,False,True,Ulusal Egemenlik ve Çocuk Bayramı,national
2021-04-24,Saturday,True,False,,
2021-04-25,Sunday,True,False,,
2021-04-26,Monday,False,False,,
2021-04-27,Tuesday,False,False,,
2021-04-28,Wednesday,False,False,,
2021-04-29,Thursday,False,False,,
2021-04-30,Friday,False,False,,
2021-05-01,Saturday,True,True,Emek ve Dayanışma Günü,national
2021-05-02,Sunday,True,False,,
2021-05-03,Monday,False,False,,
2021-05-04,Tuesday,False,False,,
2021-05-05,Wednesday,False,False,,
2021-05-06,Thursday,False,False,,
2021-05-07,Friday,False,False,,
2021-05-08,Saturday,True,False,,
2021-05-09,Sunday,True,False,,
2021-05-10,Monday,False,False,,
2021-05-11,Tuesday,False,False,,
2021-05-12,Wednesday,False,False,,
2021-05-13,Thursday,False,True,Ramazan Bayramı,religious
2021-05-14,Friday,False,True,Ramazan Bayramı,religious
2021-05-15,Saturday,True,True,Ramazan Bayramı,religious
2021-05-16,Sunday,True,False,,
2021-05-17,Monday,False,False,,
2021-05-18,Tuesday,False,False,,
2021-05-19,Wednesday,False,True,"Atatürk'ü Anma, Gençlik ve Spor Bayramı",national
2021-05-20,Thursday,False,False,,
2021-05-21,Friday,False,False,,
2021-05-22,Saturday,True,False,,
2021-05-23,Sunday,True,False,,
2021-05-24,Monday,False,False,,
2021-05-25,Tuesday,False,False,,
2021-05-26,Wednesday,False,False,,
2021-05-27,Thursday,False,False,,
2021-05-28,Friday,False,False,,
2021-05-29,Saturday,True,False,,
2021-05-30,Sunday,True,False,,
2021-05-31,Monday,False,False,,
2021-06-01,Tuesday,False,False,,
2021-06-02,Wednesday,False,False,,
2021-06-03,Thursday,False,False,,
2021-06-04,Friday,False,False,,
2021-06-05,Saturday,True,False,,
2021-06-06,Sunday,True,False,,
2021-06-07,Monday,False,False,,
2021-06-08,Tuesday,False,False,,
2021-06-09,Wednesday,False,False,,
2021-06-10,Thursday,False,False,,
2021-06-11,Friday,False,False,,
2021-06-12,Saturday,True,False,,
2021-06-13,Sunday,True,False,,
2021-06-14,Monday,False,False,,
2021-06-15,Tuesday,False,False,,
2021-06-16,Wednesday,False,False,,
2021-06-17,Thursday,False,False,,
2021-06-18,Friday,False,False,,
2021-06-19,Saturday,True,False,,
2021-06-20,Sunday,True,False,,
2021-06-21,Monday,False,False,,
2021-06-22,Tuesday,False,False,,
2021-06-23,Wednesday,False,False,,
2021-06-24,Thursday,False,False,,
2021-06-25,Friday,False,False,,
2021-06-26,Saturday,True,False,,
2021-06-27,Sunday,True,False,,
2021-06-28,Monday,False,False,,
2021-06-29,Tuesday,False,False,,
2021-06-30,Wednesday,False,False,,
2021-07-01,Thursday,False,False,,
2021-07-02,Friday,False,False,,
2021-07-03,Saturday,True,False,,
2021-07-04,Sunday,True,False,,
2021-07-05,Monday,False,False,,
2021-07-06,Tuesday,False,False,,
2021-07-07,Wednesday,False,False,,
2021-07-08,Thursday,False,False,,
2021-07-09,Friday,False,False,,
2021-07-10,Saturday,True,False,,
2021-07-11,Sunday,True,False,,
2021-07-12,Monday,False,False,,
2021-07-13,Tuesday,False,False,,
2021-07-14,Wednesday,False,False,,
2021-07-15,Thursday,False,True,Demokrasi ve Milli Birlik Günü,national
2021-07-16,Friday,False,False,,
2021-07-17,Saturday,True,False,,
2021-07-18,Sunday,True,False,,
2021-07-19,Monday,False,False,,
2021-07-20,Tuesday,False,True,Kurban Bayramı,religious
2021-07-21,Wednesday,False,True,Kurban Bayramı,religious
2021-07-22,Thursday,False,True,Kurban Bayramı,religious
2021-07-23,Friday,False,True,Kurban Bayramı,religious
2021-07-24,Saturday,True,False,,
2021-07-25,Sunday,True,False,,
2021-07-26,Monday,False,False,,
2021-07-27,Tuesday,False,False,,
2021-07-28,Wednesday,False,False,,
2021-07-29,Thursday,False,False,,
2021-07-30,Friday,False,False,,
2021-07-31,Saturday,True,False,,
2021-08-01,Sunday,True,False,,
2021-08-02,Monday,False,False,,
2021-08-03,Tuesday,False,False,,
2021-08-04,Wednesday,False,False,,
2021-08-05,Thursday,False,False,,
2021-08-06,Friday,False,False,,
2021-08-07,Saturday,True,False,,
2021-08-08,Sunday,True,False,,
2021-08-09,Monday,False,False,,
2021-08-10,Tuesday,False,False,,
2021-08-11,Wednesday,False,False,,
2021-08-12,Thursday,False,False,,
2021-08-13,Friday,False,False,,
2021-08-14,Saturday,True,False,,
2021-08-15,Sunday,True,False,,
2021-08-16,Monday,False,False,,
2021-08-17,Tuesday,False,False,,
2021-08-18,Wednesday,False,False,,
2021-08-19,Thursday,False,False,,
2021-08-20,Friday,False,False,,
2021-08-21,Saturday,True,False,,
2021-08-22,Sunday,True,False,,
2021-08-23,Monday,False,False,,
2021-08-24,Tuesday,False,False,,
2021-08-25,Wednesday,False,False,,
2021-08-26,Thursday,False,False,,
2021-08-27,Friday,False,False,,
2021-08-28,Saturday,True,False,,
2021-08-29,Sunday,True,False,,
2021-08-30,Monday,False,True,Zafer Bayramı,national
2021-08-31,Tuesday,False,False,,
2021-09-01,Wednesday,False,False,,
2021-09-02,Thursday,False,False,,
2021-09-03,Friday,False,False,,
2021-09-04,Saturday,True,False,,
2021-09-05,Sunday,True,False,,
2021-09-06,Monday,False,False,,
2021-09-07,Tuesday,False,False,,
2021-09-08,Wednesday,False,False,,
2021-09-09,Thursday,False,False,,
2021-09-10,Friday,False,False,,
2021-09-11,Saturday,True,False,,
2021-09-12,Sunday,True,False,,
2021-09-13,Monday,False,False,,
2021-09-14,Tuesday,False,False,,
2021-09-15,Wednesday,False,False,,
2021-09-16,Thursday,False,False,,
2021-09-17,Friday,False,False,,
2021-09-18,Saturday,True,False,,
2021-09-19,Sunday,True,False,,
2021-09-20,Monday,False,False,,
2021-09-21,Tuesday,False,False,,
2021-09-22,Wednesday,False,False,,
2021-09-23,Thursday,False,False,,
2021-09-24,Friday,False,False,,
2021-09-25,Saturday,True,False,,
2021-09-26,Sunday,True,False,,
2021-09-27,Monday,False,False,,
2021-09-28,Tuesday,False,False,,
2021-09-29,Wednesday,False,False,,
2021-09-30,Thursday,False,False,,
2021-10-01,Friday,False,False,,
2021-10-02,Saturday,True,False,,
2021-10-03,Sunday,True,False,,
2021-10-04,Monday,False,False,,
2021-10-05,Tuesday,False,False,,
2021-10-06,Wednesday,False,False,,
2021-10-07,Thursday,False,False,,
2021-10-08,Friday,False,False,,
2021-10-09,Saturday,True,False,,
2021-10-10,Sunday,True,False,,
2021-10-11,Monday,False,False,,
2021-10-12,Tuesday,False,False,,
2021-10-13,Wednesday,False,False,,
2021-10-14,Thursday,False,False,,
2021-10-15,Friday,False,False,,
2021-10-16,Saturday,True,False,,
2021-10-17,Sunday,True,False,,
2021-10-18,Monday,False,False,,
2021-10-19,Tuesday,False,False,,
2021-10-20,Wednesday,False,False,,
2021-10-21,Thursday,False,False,,
2021-10-22,Friday,False,False,,
2021-10-23,Saturday,True,False,,
2021-10-24,Sunday,True,False,,
2021-10-25,Monday,False,False,,
2021-10-26,Tuesday,False,False,,
2021-10-27,Wednesday,False,False,,
2021-10-28,Thursday,False,False,,
2021-10-29,Friday,False,True,Cumhuriyet Bayramı,national
2021-10-30,Saturday,True,False,,
2021-10-31,Sunday,True,False,,
2021-11-01,Monday,False,False,,
2021-11-02,Tuesday,False,False,,
2021-11-03,Wednesday,False,False,,
2021-11-04,Thursday,False,False,,
2021-11-05,Friday,False,False,,
2021-11-06,Saturday,True,False,,
2021-11-07,Sunday,True,False,,
2021-11-08,Monday,False,False,,
2021-11-09,Tuesday,False,False,,
2021-11-10,Wednesday,False,False,,
2021-11-11,Thursday,False,False,,
2021-11-12,Friday,False,False,,
2021-11-13,Saturday,True,False,,
2021-11-14,Sunday,True,False,,
2021-11-15,Monday,False,False,,
2021-11-16,Tuesday,False,False,,
2021-11-17,Wednesday,False,False,,
2021-11-18,Thursday,False,False,,
2021-11-19,Friday,False,False,,
2021-11-20,Saturday,True,False,,
2021-11-21,Sunday,True,False,,
2021-11-22,Monday,False,False,,
2021-11-23,Tuesday,False,False,,
2021-11-24,Wednesday,False,False,,
2021-11-25,Thursday,False,False,,
2021-11-26,Friday,False,False,,
2021-11-27,Saturday,True,False,,
2021-11-28,Sunday,True,False,,
2021-11-29,Monday,False,False,,
2021-11-30,Tuesday,False,False,,
2021-12-01,Wednesday,False,False,,
2021-12-02,Thursday,False,False,,
2021-12-03,Friday,False,False,,
2021-12-04,Saturday,True,False,,
2021-12-05,Sunday,True,False,,
2021-12-06,Monday,False,False,,
2021-12-07,Tuesday,False,False,,
2021-12-08,Wednesday,False,False,,
2021-12-09,Thursday,False,False,,
2021-12-10,Friday,False,False,,
2021-12-11,Saturday,True,False,,
2021-12-12,Sunday,True,False,,
2021-12-13,Monday,False,False,,
2021-12-14,Tuesday,False,False,,
2021-12-15,Wednesday,False,False,,
2021-12-16,Thursday,False,False,,
2021-12-17,Friday,False,False,,
2021-12-18,Saturday,True,False,,
2021-12-19,Sunday,True,False,,
2021-12-20,Monday,False,False,,
2021-12-21,Tuesday,False,False,,
2021-12-22,Wednesday,False,False,,
2021-12-23,Thursday,False,False,,
2021-12-24,Friday,False,False,,
2021-12-25,Saturday,True,False,,
2021-12-26,Sunday,True,False,,
2021-12-27,Monday,False,False,,
2021-12-28,Tuesday,False,False,,
2021-12-29,Wednesday,False,False,,
2021-12-30,Thursday,False,False,,
2021-12-31,Friday,False,False,,
2022-01-01,Saturday,True,True,Yılbaşı,national
2022-01-02,Sunday,True,False,,
2022-01-03,Monday,False,False,,
2022-01-04,Tuesday,False,False,,
2022-01-05,Wednesday,False,False,,
2022-01-06,Thursday,False,False,,
2022-01-07,Friday,False,False,,
2022-01-08,Saturday,True,False,,
2022-01-09,Sunday,True,False,,
2022-01-10,Monday,False,False,,
2022-01-11,Tuesday,False,False,,
2022-01-12,Wednesday,False,False,,
2022-01-13,Thursday,False,False,,
2022-01-14,Friday,False,False,,
2022-01-15,Saturday,True,False,,
2022-01-16,Sunday,True,False,,
2022-01-17,Monday,False,False,,
2022-01-18,Tuesday,False,False,,
2022-01-19,Wednesday,False,False,,
2022-01-20,Thursday,False,False,,
2022-01-21,Friday,False,False,,
2022-01-22,Saturday,True,False,,
2022-01-23,Sunday,True,False,,
2022-01-24,Monday,False,True,Sömestr Tatili (Yarıyıl),school
2022-01-25,Tuesday,False,True,Sömestr Tatili (Yarıyıl),school
2022-01-26,Wednesday,False,True,Sömestr Tatili (Yarıyıl),school
2022-01-27,Thursday,False,True,Sömestr Tatili (Yarıyıl),school
2022-01-28,Friday,False,True,Sömestr Tatili (Yarıyıl),school
2022-01-29,Saturday,True,True,Sömestr Tatili (Yarıyıl),school
2022-01-30,Sunday,True,True,Sömestr Tatili (Yarıyıl),school
2022-01-31,Monday,False,True,Sömestr Tatili (Yarıyıl),school
2022-02-01,Tuesday,False,True,Sömestr Tatili (Yarıyıl),school
2022-02-02,Wednesday,False,True,Sömestr Tatili (Yarıyıl),school
2022-02-03,Thursday,False,True,Sömestr Tatili (Yarıyıl),school
2022-02-04,Friday,False,True,Sömestr Tatili (Yarıyıl),school
2022-02-05,Saturday,True,False,,
2022-02-06,Sunday,True,False,,
2022-02-07,Monday,False,False,,
2022-02-08,Tuesday,False,False,,
2022-02-09,Wednesday,False,False,,
2022-02-10,Thursday,False,False,,
2022-02-11,Friday,False,False,,
2022-02-12,Saturday,True,False,,
2022-02-13,Sunday,True,False,,
2022-02-14,Monday,False,False,,
2022-02-15,Tuesday,False,False,,
2022-02-16,Wednesday,False,False,,
2022-02-17,Thursday,False,False,,
2022-02-18,Friday,False,False,,
2022-02-19,Saturday,True,False,,
2022-02-20,Sunday,True,False,,
2022-02-21,Monday,False,False,,
2022-02-22,Tuesday,False,False,,
2022-02-23,Wednesday,False,False,,
2022-02-24,Thursday,False,False,,
2022-02-25,Friday,False,False,,
2022-02-26,Saturday,True,False,,
2022-02-27,Sunday,True,False,,
2022-02-28,Monday,False,False,,
2022-03-01,Tuesday,False,False,,
2022-03-02,Wednesday,False,False,,
2022-03-03,Thursday,False,False,,
2022-03-04,Friday,False,False,,
2022-03-05,Saturday,True,False,,
2022-03-06,Sunday,True,False,,
2022-03-07,Monday,False,False,,
2022-03-08,Tuesday,False,False,,
2022-03-09,Wednesday,False,False,,
2022-03-10,Thursday,False,False,,
2022-03-11,Friday,False,False,,
2022-03-12,Saturday,True,False,,
2022-03-13,Sunday,True,False,,
2022-03-14,Monday,False,False,,
2022-03-15,Tuesday,False,False,,
2022-03-16,Wednesday,False,False,,
2022-03-17,Thursday,False,False,,
2022-03-18,Friday,False,False,,
2022-03-19,Saturday,True,False,,
2022-03-20,Sunday,True,False,,
2022-03-21,Monday,False,False,,
2022-03-22,Tuesday,False,False,,
2022-03-23,Wednesday,False,False,,
2022-03-24,Thursday,False,False,,
2022-03-25,Friday,False,False,,
2022-03-26,Saturday,True,False,,
2022-03-27,Sunday,True,False,,
2022-03-28,Monday,False,False,,
2022-03-29,Tuesday,False,False,,
2022-03-30,Wednesday,False,False,,
2022-03-31,Thursday,False,False,,
2022-04-01,Friday,False,False,,
2022-04-02,Saturday,True,False,,
2022-04-03,Sunday,True,False,,
2022-04-04,Monday,False,False,,
2022-04-05,Tuesday,False,False,,
2022-04-06,Wednesday,False,False,,
2022-04-07,Thursday,False,False,,
2022-04-08,Friday,False,False,,
2022-04-09,Saturday,True,False,,
2022-04-10,Sunday,True,False,,
2022-04-11,Monday,False,False,,
2022-04-12,Tuesday,False,False,,
2022-04-13,Wednesday,False,False,,
2022-04-14,Thursday,False,False,,
2022-04-15,Friday,False,False,,
2022-04-16,Saturday,True,False,,
2022-04-17,Sunday,True,False,,
2022-04-18,Monday,False,False,,
2022-04-19,Tuesday,False,False,,
2022-04-20,Wednesday,False,False,,
2022-04-21,Thursday,False,False,,
2022-04-22,Friday,False,False,,
2022-04-23,Saturday,True,True,Ulusal Egemenlik ve Çocuk Bayramı,national
2022-04-24,Sunday,True,False,,
2022-04-25,Monday,False,False,,
2022-04-26,Tuesday,False,False,,
2022-04-27,Wednesday,False,False,,
2022-04-28,Thursday,False,False,,
2022-04-29,Friday,False,False,,
2022-04-30,Saturday,True,False,,
2022-05-01,Sunday,True,True,Emek ve Dayanışma Günü,national
2022-05-02,Monday,False,True,Ramazan Bayramı,religious
2022-05-03,Tuesday,False,True,Ramazan Bayramı,religious
2022-05-04,Wednesday,False,True,Ramazan Bayramı,religious
2022-05-05,Thursday,False,False,,
2022-05-06,Friday,False,False,,
2022-05-07,Saturday,True,False,,
2022-05-08,Sunday,True,False,,
2022-05-09,Monday,False,False,,
2022-05-10,Tuesday,False,False,,
2022-05-11,Wednesday,False,False,,
2022-05-12,Thursday,False,False,,
2022-05-13,Friday,False,False,,
2022-05-14,Saturday,True,False,,
2022-05-15,Sunday,True,False,,
2022-05-16,Monday,False,False,,
2022-05-17,Tuesday,False,False,,
2022-05-18,Wednesday,False,False,,
2022-05-19,Thursday,False,True,"Atatürk'ü Anma, Gençlik ve Spor Bayramı",national
2022-05-20,Friday,False,False,,
2022-05-21,Saturday,True,False,,
2022-05-22,Sunday,True,False,,
2022-05-23,Monday,False,False,,
2022-05-24,Tuesday,False,False,,
2022-05-25,Wednesday,False,False,,
2022-05-26,Thursday,False,False,,
2022-05-27,Friday,False,False,,
2022-05-28,Saturday,True,False,,
2022-05-29,Sunday,True,False,,
2022-05-30,Monday,False,False,,
2022-05-31,Tuesday,False,False,,
2022-06-01,Wednesday,False,False,,
2022-06-02,Thursday,False,False,,
2022-06-03,Friday,False,False,,
2022-06-04,Saturday,True,False,,
2022-06-05,Sunday,True,False,,
2022-06-06,Monday,False,False,,
2022-06-07,Tuesday,False,False,,
2022-06-08,Wednesday,False,False,,
2022-06-09,Thursday,False,False,,
2022-06-10,Friday,False,False,,
2022-06-11,Saturday,True,False,,
2022-06-12,Sunday,True,False,,
2022-06-13,Monday,False,False,,
2022-06-14,Tuesday,False,False,,
2022-06-15,Wednesday,False,False,,
2022-06-16,Thursday,False,False,,
2022-06-17,Friday,False,False,,
2022-06-18,Saturday,True,False,,
2022-06-19,Sunday,True,False,,
2022-06-20,Monday,False,False,,
2022-06-21,Tuesday,False,False,,
2022-06-22,Wednesday,False,False,,
2022-06-23,Thursday,False,False,,
2022-06-24,Friday,False,False,,
2022-06-25,Saturday,True,False,,
2022-06-26,Sunday,True,False,,
2022-06-27,Monday,False,False,,
2022-06-28,Tuesday,False,False,,
2022-06-29,Wednesday,False,False,,
2022-06-30,Thursday,False,False,,
2022-07-01,Friday,False,False,,
2022-07-02,Saturday,True,False,,
2022-07-03,Sunday,True,False,,
2022-07-04,Monday,False,False,,
2022-07-05,Tuesday,False,False,,
2022-07-06,Wednesday,False,False,,
2022-07-07,Thursday,False,False,,
2022-07-08,Friday,False,False,,
2022-07-09,Saturday,True,True,Kurban Bayramı,religious
2022-07-10,Sunday,True,True,Kurban Bayramı,religious
2022-07-11,Monday,False,True,Kurban Bayramı,religious
2022-07-12,Tuesday,False,True,Kurban Bayramı,religious
2022-07-13,Wednesday,False,False,,
2022-07-14,Thursday,False,False,,
2022-07-15,Friday,False,True,Demokrasi ve Milli Birlik Günü,national
2022-07-16,Saturday,True,False,,
2022-07-17,Sunday,True,False,,
2022-07-18,Monday,False,False,,
2022-07-19,Tuesday,False,False,,
2022-07-20,Wednesday,False,False,,
2022-07-21,Thursday,False,False,,
2022-07-22,Friday,False,False,,
2022-07-23,Saturday,True,False,,
2022-07-24,Sunday,True,False,,
2022-07-25,Monday,False,False,,
2022-07-26,Tuesday,False,False,,
2022-07-27,Wednesday,False,False,,
2022-07-28,Thursday,False,False,,
2022-07-29,Friday,False,False,,
2022-07-30,Saturday,True,False,,
2022-07-31,Sunday,True,False,,
2022-08-01,Monday,False,False,,
2022-08-02,Tuesday,False,False,,
2022-08-03,Wednesday,False,False,,
2022-08-04,Thursday,False,False,,
2022-08-05,Friday,False,False,,
2022-08-06,Saturday,True,False,,
2022-08-07,Sunday,True,False,,
2022-08-08,Monday,False,False,,
2022-08-09,Tuesday,False,False,,
2022-08-10,Wednesday,False,False,,
2022-08-11,Thursday,False,False,,
2022-08-12,Friday,False,False,,
2022-08-13,Saturday,True,False,,
2022-08-14,Sunday,True,False,,
2022-08-15,Monday,False,False,,
2022-08-16,Tuesday,False,False,,
2022-08-17,Wednesday,False,False,,
2022-08-18,Thursday,False,False,,
2022-08-19,Friday,False,False,,
2022-08-20,Saturday,True,False,,
2022-08-21,Sunday,True,False,,
2022-08-22,Monday,False,False,,
2022-08-23,Tuesday,False,False,,
2022-08-24,Wednesday,False,False,,
2022-08-25,Thursday,False,False,,
2022-08-26,Friday,False,False,,
2022-08-27,Saturday,True,False,,
2022-08-28,Sunday,True,False,,
2022-08-29,Monday,False,False,,
2022-08-30,Tuesday,False,True,Zafer Bayramı,national
2022-08-31,Wednesday,False,False,,
2022-09-01,Thursday,False,False,,
2022-09-02,Friday,False,False,,
2022-09-03,Saturday,True,False,,
2022-09-04,Sunday,True,False,,
2022-09-05,Monday,False,False,,
2022-09-06,Tuesday,False,False,,
2022-09-07,Wednesday,False,False,,
2022-09-08,Thursday,False,False,,
2022-09-09,Friday,False,False,,
2022-09-10,Saturday,True,False,,
2022-09-11,Sunday,True,False,,
2022-09-12,Monday,False,False,,
2022-09-13,Tuesday,False,False,,
2022-09-14,Wednesday,False,False,,
2022-09-15,Thursday,False,False,,
2022-09-16,Friday,False,False,,
2022-09-17,Saturday,True,False,,
2022-09-18,Sunday,True,False,,
2022-09-19,Monday,False,False,,
2022-09-20,Tuesday,False,False,,
2022-09-21,Wednesday,False,False,,
2022-09-22,Thursday,False,False,,
2022-09-23,Friday,False,False,,
2022-09-24,Saturday,True,False,,
2022-09-25,Sunday,True,False,,
2022-09-26,Monday,False,False,,
2022-09-27,Tuesday,False,False,,
2022-09-28,Wednesday,False,False,,
2022-09-29,Thursday,False,False,,
2022-09-30,Friday,False,False,,
2022-10-01,Saturday,True,False,,
2022-10-02,Sunday,True,False,,
2022-10-03,Monday,False,False,,
2022-10-04,Tuesday,False,False,,
2022-10-05,Wednesday,False,False,,
2022-10-06,Thursday,False,False,,
2022-10-07,Friday,False,False,,
2022-10-08,Saturday,True,False,,
2022-10-09,Sunday,True,False,,
2022-10-10,Monday,False,False,,
2022-10-11,Tuesday,False,False,,
2022-10-12,Wednesday,False,False,,
2022-10-13,Thursday,False,False,,
2022-10-14,Friday,False,False,,
2022-10-15,Saturday,True,False,,
2022-10-16,Sunday,True,False,,
2022-10-17,Monday,False,False,,
2022-10-18,Tuesday,False,False,,
2022-10-19,Wednesday,False,False,,
2022-10-20,Thursday,False,False,,
2022-10-21,Friday,False,False,,
2022-10-22,Saturday,True,False,,
2022-10-23,Sunday,True,False,,
2022-10-24,Monday,False,False,,
2022-10-25,Tuesday,False,False,,
2022-10-26,Wednesday,False,False,,
2022-10-27,Thursday,False,False,,
2022-10-28,Friday,False,False,,
2022-10-29,Saturday,True,True,Cumhuriyet Bayramı,national
2022-10-30,Sunday,True,False,,
2022-10-31,Monday,False,False,,
2022-11-01,Tuesday,False,False,,
2022-11-02,Wednesday,False,False,,
2022-11-03,Thursday,False,False,,
2022-11-04,Friday,False,False,,
2022-11-05,Saturday,True,False,,
2022-11-06,Sunday,True,False,,
2022-11-07,Monday,False,False,,
2022-11-08,Tuesday,False,False,,
2022-11-09,Wednesday,False,False,,
2022-11-10,Thursday,False,False,,
2022-11-11,Friday,False,False,,
2022-11-12,Saturday,True,False,,
2022-11-13,Sunday,True,False,,
2022-11-14,Monday,False,False,,
2022-11-15,Tuesday,False,False,,
2022-11-16,Wednesday,False,False,,
2022-11-17,Thursday,False,False,,
2022-11-18,Friday,False,False,,
2022-11-19,Saturday,True,False,,
2022-11-20,Sunday,True,False,,
2022-11-21,Monday,False,False,,
2022-11-22,Tuesday,False,False,,
2022-11-23,Wednesday,False,False,,
2022-11-24,Thursday,False,False,,
2022-11-25,Friday,False,False,,
2022-11-26,Saturday,True,False,,
2022-11-27,Sunday,True,False,,
2022-11-28,Monday,False,False,,
2022-11-29,Tuesday,False,False,,
2022-11-30,Wednesday,False,False,,
2022-12-01,Thursday,False,False,,
2022-12-02,Friday,False,False,,
2022-12-03,Saturday,True,False,,
2022-12-04,Sunday,True,False,,
2022-12-05,Monday,False,False,,
2022-12-06,Tuesday,False,False,,
2022-12-07,Wednesday,False,False,,
2022-12-08,Thursday,False,False,,
2022-12-09,Friday,False,False,,
2022-12-10,Saturday,True,False,,
2022-12-11,Sunday,True,False,,
2022-12-12,Monday,False,False,,
2022-12-13,Tuesday,False,False,,
2022-12-14,Wednesday,False,False,,
2022-12-15,Thursday,False,False,,
2022-12-16,Friday,False,False,,
2022-12-17,Saturday,True,False,,
2022-12-18,Sunday,True,False,,
2022-12-19,Monday,False,False,,
2022-12-20,Tuesday,False,False,,
2022-12-21,Wednesday,False,False,,
2022-12-22,Thursday,False,False,,
2022-12-23,Friday,False,False,,
2022-12-24,Saturday,True,False,,
2022-12-25,Sunday,True,False,,
2022-12-26,Monday,False,False,,
2022-12-27,Tuesday,False,False,,
2022-12-28,Wednesday,False,False,,
2022-12-29,Thursday,False,False,,
2022-12-30,Friday,False,False,,
2022-12-31,Saturday,True,False,,
2023-01-01,Sunday,True,True,Yılbaşı,national
2023-01-02,Monday,False,False,,
2023-01-03,Tuesday,False,False,,
2023-01-04,Wednesday,False,False,,
2023-01-05,Thursday,False,False,,
2023-01-06,Friday,False,False,,
2023-01-07,Saturday,True,False,,
2023-01-08,Sunday,True,False,,
2023-01-09,Monday,False,False,,
2023-01-10,Tuesday,False,False,,
2023-01-11,Wednesday,False,False,,
2023-01-12,Thursday,False,False,,
2023-01-13,Friday,False,False,,
2023-01-14,Saturday,True,False,,
2023-01-15,Sunday,True,False,,
2023-01-16,Monday,False,False,,
2023-01-17,Tuesday,False,False,,
2023-01-18,Wednesday,False,False,,
2023-01-19,Thursday,False,False,,
2023-01-20,Friday,False,False,,
2023-01-21,Saturday,True,False,,
2023-01-22,Sunday,True,False,,
2023-01-23,Monday,False,True,Sömestr Tatili (Yarıyıl),school
2023-01-24,Tuesday,False,True,Sömestr Tatili (Yarıyıl),school
2023-01-25,Wednesday,False,True,Sömestr Tatili (Yarıyıl),school
2023-01-26,Thursday,False,True,Sömestr Tatili (Yarıyıl),school
2023-01-27,Friday,False,True,Sömestr Tatili (Yarıyıl),school
2023-01-28,Saturday,True,True,Sömestr Tatili (Yarıyıl),school
2023-01-29,Sunday,True,True,Sömestr Tatili (Yarıyıl),school
2023-01-30,Monday,False,True,Sömestr Tatili (Yarıyıl),school
2023-01-31,Tuesday,False,True,Sömestr Tatili (Yarıyıl),school
2023-02-01,Wednesday,False,True,Sömestr Tatili (Yarıyıl),school
2023-02-02,Thursday,False,True,Sömestr Tatili (Yarıyıl),school
2023-02-03,Friday,False,True,Sömestr Tatili (Yarıyıl),school
2023-02-04,Saturday,True,False,,
2023-02-05,Sunday,True,False,,
2023-02-06,Monday,False,False,,
2023-02-07,Tuesday,False,False,,
2023-02-08,Wednesday,False,False,,
2023-02-09,Thursday,False,False,,
2023-02-10,Friday,False,False,,
2023-02-11,Saturday,True,False,,
2023-02-12,Sunday,True,False,,
2023-02-13,Monday,False,False,,
2023-02-14,Tuesday,False,False,,
2023-02-15,Wednesday,False,False,,
2023-02-16,Thursday,False,False,,
2023-02-17,Friday,False,False,,
2023-02-18,Saturday,True,False,,
2023-02-19,Sunday,True,False,,
2023-02-20,Monday,False,False,,
2023-02-21,Tuesday,False,False,,
2023-02-22,Wednesday,False,False,,
2023-02-23,Thursday,False,False,,
2023-02-24,Friday,False,False,,
2023-02-25,Saturday,True,False,,
2023-02-26,Sunday,True,False,,
2023-02-27,Monday,False,False,,
2023-02-28,Tuesday,False,False,,
2023-03-01,Wednesday,False,False,,
2023-03-02,Thursday,False,False,,
2023-03-03,Friday,False,False,,
2023-03-04,Saturday,True,False,,
2023-03-05,Sunday,True,False,,
2023-03-06,Monday,False,False,,
2023-03-07,Tuesday,False,False,,
2023-03-08,Wednesday,False,False,,
2023-03-09,Thursday,False,False,,
2023-03-10,Friday,False,False,,
2023-03-11,Saturday,True,False,,
2023-03-12,Sunday,True,False,,
2023-03-13,Monday,False,False,,
2023-03-14,Tuesday,False,False,,
2023-03-15,Wednesday,False,False,,
2023-03-16,Thursday,False,False,,
2023-03-17,Friday,False,False,,
2023-03-18,Saturday,True,False,,
2023-03-19,Sunday,True,False,,
2023-03-20,Monday,False,False,,
2023-03-21,Tuesday,False,False,,
2023-03-22,Wednesday,False,False,,
2023-03-23,Thursday,False,False,,
2023-03-24,Friday,False,False,,
2023-03-25,Saturday,True,False,,
2023-03-26,Sunday,True,False,,
2023-03-27,Monday,False,False,,
2023-03-28,Tuesday,False,False,,
2023-03-29,Wednesday,False,False,,
2023-03-30,Thursday,False,False,,
2023-03-31,Friday,False,False,,
2023-04-01,Saturday,True,False,,
2023-04-02,Sunday,True,False,,
2023-04-03,Monday,False,False,,
2023-04-04,Tuesday,False,False,,
2023-04-05,Wednesday,False,False,,
2023-04-06,Thursday,False,False,,
2023-04-07,Friday,False,False,,
2023-04-08,Saturday,True,False,,
2023-04-09,Sunday,True,False,,
2023-04-10,Monday,False,False,,
2023-04-11,Tuesday,False,False,,
2023-04-12,Wednesday,False,False,,
2023-04-13,Thursday,False,False,,
2023-04-14,Friday,False,False,,
2023-04-15,Saturday,True,False,,
2023-04-16,Sunday,True,False,,
2023-04-17,Monday,False,False,,
2023-04-18,Tuesday,False,False,,
2023-04-19,Wednesday,False,False,,
2023-04-20,Thursday,False,False,,
2023-04-21,Friday,False,True,Ramazan Bayramı,religious
2023-04-22,Saturday,True,True,Ramazan Bayramı,religious
2023-04-23,Sunday,True,True,Ulusal Egemenlik ve Çocuk Bayramı | Ramazan Bayramı,religious
2023-04-24,Monday,False,False,,
2023-04-25,Tuesday,False,False,,
2023-04-26,Wednesday,False,False,,
2023-04-27,Thursday,False,False,,
2023-04-28,Friday,False,False,,
2023-04-29,Saturday,True,False,,
2023-04-30,Sunday,True,False,,
2023-05-01,Monday,False,True,Emek ve Dayanışma Günü,national
2023-05-02,Tuesday,False,False,,
2023-05-03,Wednesday,False,False,,
2023-05-04,Thursday,False,False,,
2023-05-05,Friday,False,False,,
2023-05-06,Saturday,True,False,,
2023-05-07,Sunday,True,False,,
2023-05-08,Monday,False,False,,
2023-05-09,Tuesday,False,False,,
2023-05-10,Wednesday,False,False,,
2023-05-11,Thursday,False,False,,
2023-05-12,Friday,False,False,,
2023-05-13,Saturday,True,False,,
2023-05-14,Sunday,True,False,,
2023-05-15,Monday,False,False,,
2023-05-16,Tuesday,False,False,,
2023-05-17,Wednesday,False,False,,
2023-05-18,Thursday,False,False,,
2023-05-19,Friday,False,True,"Atatürk'ü Anma, Gençlik ve Spor Bayramı",national
2023-05-20,Saturday,True,False,,
2023-05-21,Sunday,True,False,,
2023-05-22,Monday,False,False,,
2023-05-23,Tuesday,False,False,,
2023-05-24,Wednesday,False,False,,
2023-05-25,Thursday,False,False,,
2023-05-26,Friday,False,False,,
2023-05-27,Saturday,True,False,,
2023-05-28,Sunday,True,False,,
2023-05-29,Monday,False,False,,
2023-05-30,Tuesday,False,False,,
2023-05-31,Wednesday,False,False,,
2023-06-01,Thursday,False,False,,
2023-06-02,Friday,False,False,,
2023-06-03,Saturday,True,False,,
2023-06-04,Sunday,True,False,,
2023-06-05,Monday,False,False,,
2023-06-06,Tuesday,False,False,,
2023-06-07,Wednesday,False,False,,
2023-06-08,Thursday,False,False,,
2023-06-09,Friday,False,False,,
2023-06-10,Saturday,True,False,,
2023-06-11,Sunday,True,False,,
2023-06-12,Monday,False,False,,
2023-06-13,Tuesday,False,False,,
2023-06-14,Wednesday,False,False,,
2023-06-15,Thursday,False,False,,
2023-06-16,Friday,False,False,,
2023-06-17,Saturday,True,False,,
2023-06-18,Sunday,True,False,,
2023-06-19,Monday,False,False,,
2023-06-20,Tuesday,False,False,,
2023-06-21,Wednesday,False,False,,
2023-06-22,Thursday,False,False,,
2023-06-23,Friday,False,False,,
2023-06-24,Saturday,True,False,,
2023-06-25,Sunday,True,False,,
2023-06-26,Monday,False,False,,
2023-06-27,Tuesday,False,False,,
2023-06-28,Wednesday,False,True,Kurban Bayramı,religious
2023-06-29,Thursday,False,True,Kurban Bayramı,religious
2023-06-30,Friday,False,True,Kurban Bayramı,religious
2023-07-01,Saturday,True,True,Kurban Bayramı,religious
2023-07-02,Sunday,True,False,,
2023-07-03,Monday,False,False,,
2023-07-04,Tuesday,False,False,,
2023-07-05,Wednesday,False,False,,
2023-07-06,Thursday,False,False,,
2023-07-07,Friday,False,False,,
2023-07-08,Saturday,True,False,,
2023-07-09,Sunday,True,False,,
2023-07-10,Monday,False,False,,
2023-07-11,Tuesday,False,False,,
2023-07-12,Wednesday,False,False,,
2023-07-13,Thursday,False,False,,
2023-07-14,Friday,False,False,,
2023-07-15,Saturday,True,True,Demokrasi ve Milli Birlik Günü,national
2023-07-16,Sunday,True,False,,
2023-07-17,Monday,False,False,,
2023-07-18,Tuesday,False,False,,
2023-07-19,Wednesday,False,False,,
2023-07-20,Thursday,False,False,,
2023-07-21,Friday,False,False,,
2023-07-22,Saturday,True,False,,
2023-07-23,Sunday,True,False,,
2023-07-24,Monday,False,False,,
2023-07-25,Tuesday,False,False,,
2023-07-26,Wednesday,False,False,,
2023-07-27,Thursday,False,False,,
2023-07-28,Friday,False,False,,
2023-07-29,Saturday,True,False,,
2023-07-30,Sunday,True,False,,
2023-07-31,Monday,False,False,,
2023-08-01,Tuesday,False,False,,
2023-08-02,Wednesday,False,False,,
2023-08-03,Thursday,False,False,,
2023-08-04,Friday,False,False,,
2023-08-05,Saturday,True,False,,
2023-08-06,Sunday,True,False,,
2023-08-07,Monday,False,False,,
2023-08-08,Tuesday,False,False,,
2023-08-09,Wednesday,False,False,,
2023-08-10,Thursday,False,False,,
2023-08-11,Friday,False,False,,
2023-08-12,Saturday,True,False,,
2023-08-13,Sunday,True,False,,
2023-08-14,Monday,False,False,,
2023-08-15,Tuesday,False,False,,
2023-08-16,Wednesday,False,False,,
2023-08-17,Thursday,False,False,,
2023-08-18,Friday,False,False,,
2023-08-19,Saturday,True,False,,
2023-08-20,Sunday,True,False,,
2023-08-21,Monday,False,False,,
2023-08-22,Tuesday,False,False,,
2023-08-23,Wednesday,False,False,,
2023-08-24,Thursday,False,False,,
2023-08-25,Friday,False,False,,
2023-08-26,Saturday,True,False,,
2023-08-27,Sunday,True,False,,
2023-08-28,Monday,False,False,,
2023-08-29,Tuesday,False,False,,
2023-08-30,Wednesday,False,True,Zafer Bayramı,national
2023-08-31,Thursday,False,False,,
2023-09-01,Friday,False,False,,
2023-09-02,Saturday,True,False,,
2023-09-03,Sunday,True,False,,
2023-09-04,Monday,False,False,,
2023-09-05,Tuesday,False,False,,
2023-09-06,Wednesday,False,False,,
2023-09-07,Thursday,False,False,,
2023-09-08,Friday,False,False,,
2023-09-09,Saturday,True,False,,
2023-09-10,Sunday,True,False,,
2023-09-11,Monday,False,False,,
2023-09-12,Tuesday,False,False,,
2023-09-13,Wednesday,False,False,,
2023-09-14,Thursday,False,False,,
2023-09-15,Friday,False,False,,
2023-09-16,Saturday,True,False,,
2023-09-17,Sunday,True,False,,
2023-09-18,Monday,False,False,,
2023-09-19,Tuesday,False,False,,
2023-09-20,Wednesday,False,False,,
2023-09-21,Thursday,False,False,,
2023-09-22,Friday,False,False,,
2023-09-23,Saturday,True,False,,
2023-09-24,Sunday,True,False,,
2023-09-25,Monday,False,False,,
2023-09-26,Tuesday,False,False,,
2023-09-27,Wednesday,False,False,,
2023-09-28,Thursday,False,False,,
2023-09-29,Friday,False,False,,
2023-09-30,Saturday,True,False,,
2023-10-01,Sunday,True,False,,
2023-10-02,Monday,False,False,,
2023-10-03,Tuesday,False,False,,
2023-10-04,Wednesday,False,False,,
2023-10-05,Thursday,False,False,,
2023-10-06,Friday,False,False,,
2023-10-07,Saturday,True,False,,
2023-10-08,Sunday,True,False,,
2023-10-09,Monday,False,False,,
2023-10-10,Tuesday,False,False,,
2023-10-11,Wednesday,False,False,,
2023-10-12,Thursday,False,False,,
2023-10-13,Friday,False,False,,
2023-10-14,Saturday,True,False,,
2023-10-15,Sunday,True,False,,
2023-10-16,Monday,False,False,,
2023-10-17,Tuesday,False,False,,
2023-10-18,Wednesday,False,False,,
2023-10-19,Thursday,False,False,,
2023-10-20,Friday,False,False,,
2023-10-21,Saturday,True,False,,
2023-10-22,Sunday,True,False,,
2023-10-23,Monday,False,False,,
2023-10-24,Tuesday,False,False,,
2023-10-25,Wednesday,False,False,,
2023-10-26,Thursday,False,False,,
2023-10-27,Friday,False,False,,
2023-10-28,Saturday,True,False,,
2023-10-29,Sunday,True,True,Cumhuriyet Bayramı,national
2023-10-30,Monday,False,False,,
2023-10-31,Tuesday,False,False,,
2023-11-01,Wednesday,False,False,,
2023-11-02,Thursday,False,False,,
2023-11-03,Friday,False,False,,
2023-11-04,Saturday,True,False,,
2023-11-05,Sunday,True,False,,
2023-11-06,Monday,False,False,,
2023-11-07,Tuesday,False,False,,
2023-11-08,Wednesday,False,False,,
2023-11-09,Thursday,False,False,,
2023-11-10,Friday,False,False,,
2023-11-11,Saturday,True,False,,
2023-11-12,Sunday,True,False,,
2023-11-13,Monday,False,False,,
2023-11-14,Tuesday,False,False,,
2023-11-15,Wednesday,False,False,,
2023-11-16,Thursday,False,False,,
2023-11-17,Friday,False,False,,
2023-11-18,Saturday,True,False,,
2023-11-19,Sunday,True,False,,
2023-11-20,Monday,False,False,,
2023-11-21,Tuesday,False,False,,
2023-11-22,Wednesday,False,False,,
2023-11-23,Thursday,False,False,,
2023-11-24,Friday,False,False,,
2023-11-25,Saturday,True,False,,
2023-11-26,Sunday,True,False,,
2023-11-27,Monday,False,False,,
2023-11-28,Tuesday,False,False,,
2023-11-29,Wednesday,False,False,,
2023-11-30,Thursday,False,False,,
2023-12-01,Friday,False,False,,
2023-12-02,Saturday,True,False,,
2023-12-03,Sunday,True,False,,
2023-12-04,Monday,False,False,,
2023-12-05,Tuesday,False,False,,
2023-12-06,Wednesday,False,False,,
2023-12-07,Thursday,False,False,,
2023-12-08,Friday,False,False,,
2023-12-09,Saturday,True,False,,
2023-12-10,Sunday,True,False,,
2023-12-11,Monday,False,False,,
2023-12-12,Tuesday,False,False,,
2023-12-13,Wednesday,False,False,,
2023-12-14,Thursday,False,False,,
2023-12-15,Friday,False,False,,
2023-12-16,Saturday,True,False,,
2023-12-17,Sunday,True,False,,
2023-12-18,Monday,False,False,,
2023-12-19,Tuesday,False,False,,
2023-12-20,Wednesday,False,False,,
2023-12-21,Thursday,False,False,,
2023-12-22,Friday,False,False,,
2023-12-23,Saturday,True,False,,
2023-12-24,Sunday,True,False,,
2023-12-25,Monday,False,False,,
2023-12-26,Tuesday,False,False,,
2023-12-27,Wednesday,False,False,,
2023-12-28,Thursday,False,False,,
2023-12-29,Friday,False,False,,
2023-12-30,Saturday,True,False,,
2023-12-31,Sunday,True,False,,
2024-01-01,Monday,False,True,Yılbaşı,national
2024-01-02,Tuesday,False,False,,
2024-01-03,Wednesday,False,False,,
2024-01-04,Thursday,False,False,,
2024-01-05,Friday,False,False,,
2024-01-06,Saturday,True,False,,
2024-01-07,Sunday,True,False,,
2024-01-08,Monday,False,False,,
2024-01-09,Tuesday,False,False,,
2024-01-10,Wednesday,False,False,,
2024-01-11,Thursday,False,False,,
2024-01-12,Friday,False,False,,
2024-01-13,Saturday,True,False,,
2024-01-14,Sunday,True,False,,
2024-01-15,Monday,False,False,,
2024-01-16,Tuesday,False,False,,
2024-01-17,Wednesday,False,False,,
2024-01-18,Thursday,False,False,,
2024-01-19,Friday,False,False,,
2024-01-20,Saturday,True,True,Sömestr Tatili (Yarıyıl),school
2024-01-21,Sunday,True,True,Sömestr Tatili (Yarıyıl),school
2024-01-22,Monday,False,True,Sömestr Tatili (Yarıyıl),school
2024-01-23,Tuesday,False,True,Sömestr Tatili (Yarıyıl),school
2024-01-24,Wednesday,False,True,Sömestr Tatili (Yarıyıl),school
2024-01-25,Thursday,False,True,Sömestr Tatili (Yarıyıl),school
2024-01-26,Friday,False,True,Sömestr Tatili (Yarıyıl),school
2024-01-27,Saturday,True,True,Sömestr Tatili (Yarıyıl),school
2024-01-28,Sunday,True,True,Sömestr Tatili (Yarıyıl),school
2024-01-29,Monday,False,True,Sömestr Tatili (Yarıyıl),school
2024-01-30,Tuesday,False,True,Sömestr Tatili (Yarıyıl),school
2024-01-31,Wednesday,False,True,Sömestr Tatili (Yarıyıl),school
2024-02-01,Thursday,False,True,Sömestr Tatili (Yarıyıl),school
2024-02-02,Friday,False,True,Sömestr Tatili (Yarıyıl),school
2024-02-03,Saturday,True,True,Sömestr Tatili (Yarıyıl),school
2024-02-04,Sunday,True,True,Sömestr Tatili (Yarıyıl),school
2024-02-05,Monday,False,False,,
2024-02-06,Tuesday,False,False,,
2024-02-07,Wednesday,False,False,,
2024-02-08,Thursday,False,False,,
2024-02-09,Friday,False,False,,
2024-02-10,Saturday,True,False,,
2024-02-11,Sunday,True,False,,
2024-02-12,Monday,False,False,,
2024-02-13,Tuesday,False,False,,
2024-02-14,Wednesday,False,False,,
2024-02-15,Thursday,False,False,,
2024-02-16,Friday,False,False,,
2024-02-17,Saturday,True,False,,
2024-02-18,Sunday,True,False,,
2024-02-19,Monday,False,False,,
2024-02-20,Tuesday,False,False,,
2024-02-21,Wednesday,False,False,,
2024-02-22,Thursday,False,False,,
2024-02-23,Friday,False,False,,
2024-02-24,Saturday,True,False,,
2024-02-25,Sunday,True,False,,
2024-02-26,Monday,False,False,,
2024-02-27,Tuesday,False,False,,
2024-02-28,Wednesday,False,False,,
2024-02-29,Thursday,False,False,,
2024-03-01,Friday,False,False,,
2024-03-02,Saturday,True,False,,
2024-03-03,Sunday,True,False,,
2024-03-04,Monday,False,False,,
2024-03-05,Tuesday,False,False,,
2024-03-06,Wednesday,False,False,,
2024-03-07,Thursday,False,False,,
2024-03-08,Friday,False,False,,
2024-03-09,Saturday,True,False,,
2024-03-10,Sunday,True,False,,
2024-03-11,Monday,False,False,,
2024-03-12,Tuesday,False,False,,
2024-03-13,Wednesday,False,False,,
2024-03-14,Thursday,False,False,,
2024-03-15,Friday,False,False,,
2024-03-16,Saturday,True,False,,
2024-03-17,Sunday,True,False,,
2024-03-18,Monday,False,False,,
2024-03-19,Tuesday,False,False,,
2024-03-20,Wednesday,False,False,,
2024-03-21,Thursday,False,False,,
2024-03-22,Friday,False,False,,
2024-03-23,Saturday,True,False,,
2024-03-24,Sunday,True,False,,
2024-03-25,Monday,False,False,,
2024-03-26,Tuesday,False,False,,
2024-03-27,Wednesday,False,False,,
2024-03-28,Thursday,False,False,,
2024-03-29,Friday,False,False,,
2024-03-30,Saturday,True,False,,
2024-03-31,Sunday,True,False,,
2024-04-01,Monday,False,False,,
2024-04-02,Tuesday,False,False,,
2024-04-03,Wednesday,False,False,,
2024-04-04,Thursday,False,False,,
2024-04-05,Friday,False,False,,
2024-04-06,Saturday,True,False,,
2024-04-07,Sunday,True,False,,
2024-04-08,Monday,False,False,,
2024-04-09,Tuesday,False,False,,
2024-04-10,Wednesday,False,True,Ramazan Bayramı,religious
2024-04-11,Thursday,False,True,Ramazan Bayramı,religious
2024-04-12,Friday,False,True,Ramazan Bayramı,religious
2024-04-13,Saturday,True,False,,
2024-04-14,Sunday,True,False,,
2024-04-15,Monday,False,False,,
2024-04-16,Tuesday,False,False,,
2024-04-17,Wednesday,False,False,,
2024-04-18,Thursday,False,False,,
2024-04-19,Friday,False,False,,
2024-04-20,Saturday,True,False,,
2024-04-21,Sunday,True,False,,
2024-04-22,Monday,False,False,,
2024-04-23,Tuesday,False,True,Ulusal Egemenlik ve Çocuk Bayramı,national
2024-04-24,Wednesday,False,False,,
2024-04-25,Thursday,False,False,,
2024-04-26,Friday,False,False,,
2024-04-27,Saturday,True,False,,
2024-04-28,Sunday,True,False,,
2024-04-29,Monday,False,False,,
2024-04-30,Tuesday,False,False,,
2024-05-01,Wednesday,False,True,Emek ve Dayanışma Günü,national
2024-05-02,Thursday,False,False,,
2024-05-03,Friday,False,False,,
2024-05-04,Saturday,True,False,,
2024-05-05,Sunday,True,False,,
2024-05-06,Monday,False,False,,
2024-05-07,Tuesday,False,False,,
2024-05-08,Wednesday,False,False,,
2024-05-09,Thursday,False,False,,
2024-05-10,Friday,False,False,,
2024-05-11,Saturday,True,False,,
2024-05-12,Sunday,True,False,,
2024-05-13,Monday,False,False,,
2024-05-14,Tuesday,False,False,,
2024-05-15,Wednesday,False,False,,
2024-05-16,Thursday,False,False,,
2024-05-17,Friday,False,False,,
2024-05-18,Saturday,True,False,,
2024-05-19,Sunday,True,True,"Atatürk'ü Anma, Gençlik ve Spor Bayramı",national
2024-05-20,Monday,False,False,,
2024-05-21,Tuesday,False,False,,
2024-05-22,Wednesday,False,False,,
2024-05-23,Thursday,False,False,,
2024-05-24,Friday,False,False,,
2024-05-25,Saturday,True,False,,
2024-05-26,Sunday,True,False,,
2024-05-27,Monday,False,False,,
2024-05-28,Tuesday,False,False,,
2024-05-29,Wednesday,False,False,,
2024-05-30,Thursday,False,False,,
2024-05-31,Friday,False,False,,
2024-06-01,Saturday,True,False,,
2024-06-02,Sunday,True,False,,
2024-06-03,Monday,False,False,,
2024-06-04,Tuesday,False,False,,
2024-06-05,Wednesday,False,False,,
2024-06-06,Thursday,False,False,,
2024-06-07,Friday,False,False,,
2024-06-08,Saturday,True,False,,
2024-06-09,Sunday,True,False,,
2024-06-10,Monday,False,False,,
2024-06-11,Tuesday,False,False,,
2024-06-12,Wednesday,False,False,,
2024-06-13,Thursday,False,False,,
2024-06-14,Friday,False,False,,
2024-06-15,Saturday,True,False,,
2024-06-16,Sunday,True,True,Kurban Bayramı,religious
2024-06-17,Monday,False,True,Kurban Bayramı,religious
2024-06-18,Tuesday,False,True,Kurban Bayramı,religious
2024-06-19,Wednesday,False,True,Kurban Bayramı,religious
2024-06-20,Thursday,False,False,,
2024-06-21,Friday,False,False,,
2024-06-22,Saturday,True,False,,
2024-06-23,Sunday,True,False,,
2024-06-24,Monday,False,False,,
2024-06-25,Tuesday,False,False,,
2024-06-26,Wednesday,False,False,,
2024-06-27,Thursday,False,False,,
2024-06-28,Friday,False,False,,
2024-06-29,Saturday,True,False,,
2024-06-30,Sunday,True,False,,
2024-07-01,Monday,False,False,,
2024-07-02,Tuesday,False,False,,
2024-07-03,Wednesday,False,False,,
2024-07-04,Thursday,False,False,,
2024-07-05,Friday,False,False,,
2024-07-06,Saturday,True,False,,
2024-07-07,Sunday,True,False,,
2024-07-08,Monday,False,False,,
2024-07-09,Tuesday,False,False,,
2024-07-10,Wednesday,False,False,,
2024-07-11,Thursday,False,False,,
2024-07-12,Friday,False,False,,
2024-07-13,Saturday,True,False,,
2024-07-14,Sunday,True,False,,
2024-07-15,Monday,False,True,Demokrasi ve Milli Birlik Günü,national
2024-07-16,Tuesday,False,False,,
2024-07-17,Wednesday,False,False,,
2024-07-18,Thursday,False,False,,
2024-07-19,Friday,False,False,,
2024-07-20,Saturday,True,False,,
2024-07-21,Sunday,True,False,,
2024-07-22,Monday,False,False,,
2024-07-23,Tuesday,False,False,,
2024-07-24,Wednesday,False,False,,
2024-07-25,Thursday,False,False,,
2024-07-26,Friday,False,False,,
2024-07-27,Saturday,True,False,,
2024-07-28,Sunday,True,False,,
2024-07-29,Monday,False,False,,
2024-07-30,Tuesday,False,False,,
2024-07-31,Wednesday,False,False,,
2024-08-01,Thursday,False,False,,
2024-08-02,Friday,False,False,,
2024-08-03,Saturday,True,False,,
2024-08-04,Sunday,True,False,,
2024-08-05,Monday,False,False,,
2024-08-06,Tuesday,False,False,,
2024-08-07,Wednesday,False,False,,
2024-08-08,Thursday,False,False,,
2024-08-09,Friday,False,False,,
2024-08-10,Saturday,True,False,,
2024-08-11,Sunday,True,False,,
2024-08-12,Monday,False,False,,
2024-08-13,Tuesday,False,False,,
2024-08-14,Wednesday,False,False,,
2024-08-15,Thursday,False,False,,
2024-08-16,Friday,False,False,,
2024-08-17,Saturday,True,False,,
2024-08-18,Sunday,True,False,,
2024-08-19,Monday,False,False,,
2024-08-20,Tuesday,False,False,,
2024-08-21,Wednesday,False,False,,
2024-08-22,Thursday,False,False,,
2024-08-23,Friday,False,False,,
2024-08-24,Saturday,True,False,,
2024-08-25,Sunday,True,False,,
2024-08-26,Monday,False,False,,
2024-08-27,Tuesday,False,False,,
2024-08-28,Wednesday,False,False,,
2024-08-29,Thursday,False,False,,
2024-08-30,Friday,False,True,Zafer Bayramı,national
2024-08-31,Saturday,True,False,,
2024-09-01,Sunday,True,False,,
2024-09-02,Monday,False,False,,
2024-09-03,Tuesday,False,False,,
2024-09-04,Wednesday,False,False,,
2024-09-05,Thursday,False,False,,
2024-09-06,Friday,False,False,,
2024-09-07,Saturday,True,False,,
2024-09-08,Sunday,True,False,,
2024-09-09,Monday,False,False,,
2024-09-10,Tuesday,False,False,,
2024-09-11,Wednesday,False,False,,
2024-09-12,Thursday,False,False,,
2024-09-13,Friday,False,False,,
2024-09-14,Saturday,True,False,,
2024-09-15,Sunday,True,False,,
2024-09-16,Monday,False,False,,
2024-09-17,Tuesday,False,False,,
2024-09-18,Wednesday,False,False,,
2024-09-19,Thursday,False,False,,
2024-09-20,Friday,False,False,,
2024-09-21,Saturday,True,False,,
2024-09-22,Sunday,True,False,,
2024-09-23,Monday,False,False,,
2024-09-24,Tuesday,False,False,,
2024-09-25,Wednesday,False,False,,
2024-09-26,Thursday,False,False,,
2024-09-27,Friday,False,False,,
2024-09-28,Saturday,True,False,,
2024-09-29,Sunday,True,False,,
2024-09-30,Monday,False,False,,
2024-10-01,Tuesday,False,False,,
2024-10-02,Wednesday,False,False,,
2024-10-03,Thursday,False,False,,
2024-10-04,Friday,False,False,,
2024-10-05,Saturday,True,False,,
2024-10-06,Sunday,True,False,,
2024-10-07,Monday,False,False,,
2024-10-08,Tuesday,False,False,,
2024-10-09,Wednesday,False,False,,
2024-10-10,Thursday,False,False,,
2024-10-11,Friday,False,False,,
2024-10-12,Saturday,True,False,,
2024-10-13,Sunday,True,False,,
2024-10-14,Monday,False,False,,
2024-10-15,Tuesday,False,False,,
2024-10-16,Wednesday,False,False,,
2024-10-17,Thursday,False,False,,
2024-10-18,Friday,False,False,,
2024-10-19,Saturday,True,False,,
2024-10-20,Sunday,True,False,,
2024-10-21,Monday,False,False,,
2024-10-22,Tuesday,False,False,,
2024-10-23,Wednesday,False,False,,
2024-10-24,Thursday,False,False,,
2024-10-25,Friday,False,False,,
2024-10-26,Saturday,True,False,,
2024-10-27,Sunday,True,False,,
2024-10-28,Monday,False,False,,
2024-10-29,Tuesday,False,True,Cumhuriyet Bayramı,national
2024-10-30,Wednesday,False,False,,
2024-10-31,Thursday,False,False,,
2024-11-01,Friday,False,False,,
2024-11-02,Saturday,True,False,,
2024-11-03,Sunday,True,False,,
2024-11-04,Monday,False,False,,
2024-11-05,Tuesday,False,False,,
2024-11-06,Wednesday,False,False,,
2024-11-07,Thursday,False,False,,
2024-11-08,Friday,False,False,,
2024-11-09,Saturday,True,False,,
2024-11-10,Sunday,True,False,,
2024-11-11,Monday,False,False,,
2024-11-12,Tuesday,False,False,,
2024-11-13,Wednesday,False,False,,
2024-11-14,Thursday,False,False,,
2024-11-15,Friday,False,False,,
2024-11-16,Saturday,True,False,,
2024-11-17,Sunday,True,False,,
2024-11-18,Monday,False,False,,
2024-11-19,Tuesday,False,False,,
2024-11-20,Wednesday,False,False,,
2024-11-21,Thursday,False,False,,
2024-11-22,Friday,False,False,,
2024-11-23,Saturday,True,False,,
2024-11-24,Sunday,True,False,,
2024-11-25,Monday,False,False,,
2024-11-26,Tuesday,False,False,,
2024-11-27,Wednesday,False,False,,
2024-11-28,Thursday,False,False,,
2024-11-29,Friday,False,False,,
2024-11-30,Saturday,True,False,,
2024-12-01,Sunday,True,False,,
2024-12-02,Monday,False,False,,
2024-12-03,Tuesday,False,False,,
2024-12-04,Wednesday,False,False,,
2024-12-05,Thursday,False,False,,
2024-12-06,Friday,False,False,,
2024-12-07,Saturday,True,False,,
2024-12-08,Sunday,True,False,,
2024-12-09,Monday,False,False,,
2024-12-10,Tuesday,False,False,,
2024-12-11,Wednesday,False,False,,
2024-12-12,Thursday,False,False,,
2024-12-13,Friday,False,False,,
2024-12-14,Saturday,True,False,,
2024-12-15,Sunday,True,False,,
2024-12-16,Monday,False,False,,
2024-12-17,Tuesday,False,False,,
2024-12-18,Wednesday,False,False,,
2024-12-19,Thursday,False,False,,
2024-12-20,Friday,False,False,,
2024-12-21,Saturday,True,False,,
2024-12-22,Sunday,True,False,,
2024-12-23,Monday,False,False,,
2024-12-24,Tuesday,False,False,,
2024-12-25,Wednesday,False,False,,
2024-12-26,Thursday,False,False,,
2024-12-27,Friday,False,False,,
2024-12-28,Saturday,True,False,,
2024-12-29,Sunday,True,False,,
2024-12-30,Monday,False,False,,
2024-12-31,Tuesday,False,False,,
2025-01-01,Wednesday,False,True,Yılbaşı,national
2025-01-02,Thursday,False,False,,
2025-01-03,Friday,False,False,,
2025-01-04,Saturday,True,False,,
2025-01-05,Sunday,True,False,,
2025-01-06,Monday,False,False,,
2025-01-07,Tuesday,False,False,,
2025-01-08,Wednesday,False,False,,
2025-01-09,Thursday,False,False,,
2025-01-10,Friday,False,False,,
2025-01-11,Saturday,True,False,,
2025-01-12,Sunday,True,False,,
2025-01-13,Monday,False,False,,
2025-01-14,Tuesday,False,False,,
2025-01-15,Wednesday,False,False,,
2025-01-16,Thursday,False,False,,
2025-01-17,Friday,False,False,,
2025-01-18,Saturday,True,False,,
2025-01-19,Sunday,True,False,,
2025-01-20,Monday,False,True,Sömestr Tatili (Yarıyıl),school
2025-01-21,Tuesday,False,True,Sömestr Tatili (Yarıyıl),school
2025-01-22,Wednesday,False,True,Sömestr Tatili (Yarıyıl),school
2025-01-23,Thursday,False,True,Sömestr Tatili (Yarıyıl),school
2025-01-24,Friday,False,True,Sömestr Tatili (Yarıyıl),school
2025-01-25,Saturday,True,True,Sömestr Tatili (Yarıyıl),school
2025-01-26,Sunday,True,True,Sömestr Tatili (Yarıyıl),school
2025-01-27,Monday,False,True,Sömestr Tatili (Yarıyıl),school
2025-01-28,Tuesday,False,True,Sömestr Tatili (Yarıyıl),school
2025-01-29,Wednesday,False,True,Sömestr Tatili (Yarıyıl),school
2025-01-30,Thursday,False,True,Sömestr Tatili (Yarıyıl),school
2025-01-31,Friday,False,True,Sömestr Tatili (Yarıyıl),school
2025-02-01,Saturday,True,False,,
2025-02-02,Sunday,True,False,,
2025-02-03,Monday,False,False,,
2025-02-04,Tuesday,False,False,,
2025-02-05,Wednesday,False,False,,
2025-02-06,Thursday,False,False,,
2025-02-07,Friday,False,False,,
2025-02-08,Saturday,True,False,,
2025-02-09,Sunday,True,False,,
2025-02-10,Monday,False,False,,
2025-02-11,Tuesday,False,False,,
2025-02-12,Wednesday,False,False,,
2025-02-13,Thursday,False,False,,
2025-02-14,Friday,False,False,,
2025-02-15,Saturday,True,False,,
2025-02-16,Sunday,True,False,,
2025-02-17,Monday,False,False,,
2025-02-18,Tuesday,False,False,,
2025-02-19,Wednesday,False,False,,
2025-02-20,Thursday,False,False,,
2025-02-21,Friday,False,False,,
2025-02-22,Saturday,True,False,,
2025-02-23,Sunday,True,False,,
2025-02-24,Monday,False,False,,
2025-02-25,Tuesday,False,False,,
2025-02-26,Wednesday,False,False,,
2025-02-27,Thursday,False,False,,
2025-02-28,Friday,False,False,,
2025-03-01,Saturday,True,False,,
2025-03-02,Sunday,True,False,,
2025-03-03,Monday,False,False,,
2025-03-04,Tuesday,False,False,,
2025-03-05,Wednesday,False,False,,
2025-03-06,Thursday,False,False,,
2025-03-07,Friday,False,False,,
2025-03-08,Saturday,True,False,,
2025-03-09,Sunday,True,False,,
2025-03-10,Monday,False,False,,
2025-03-11,Tuesday,False,False,,
2025-03-12,Wednesday,False,False,,
2025-03-13,Thursday,False,False,,
2025-03-14,Friday,False,False,,
2025-03-15,Saturday,True,False,,
2025-03-16,Sunday,True,False,,
2025-03-17,Monday,False,False,,
2025-03-18,Tuesday,False,False,,
2025-03-19,Wednesday,False,False,,
2025-03-20,Thursday,False,False,,
2025-03-21,Friday,False,False,,
2025-03-22,Saturday,True,False,,
2025-03-23,Sunday,True,False,,
2025-03-24,Monday,False,False,,
2025-03-25,Tuesday,False,False,,
2025-03-26,Wednesday,False,False,,
2025-03-27,Thursday,False,False,,
2025-03-28,Friday,False,False,,
2025-03-29,Saturday,True,False,,
2025-03-30,Sunday,True,True,Ramazan Bayramı,religious
2025-03-31,Monday,False,True,Ramazan Bayramı,religious
2025-04-01,Tuesday,False,True,Ramazan Bayramı,religious
2025-04-02,Wednesday,False,False,,
2025-04-03,Thursday,False,False,,
2025-04-04,Friday,False,False,,
2025-04-05,Saturday,True,False,,
2025-04-06,Sunday,True,False,,
2025-04-07,Monday,False,False,,
2025-04-08,Tuesday,False,False,,
2025-04-09,Wednesday,False,False,,
2025-04-10,Thursday,False,False,,
2025-04-11,Friday,False,False,,
2025-04-12,Saturday,True,False,,
2025-04-13,Sunday,True,False,,
2025-04-14,Monday,False,False,,
2025-04-15,Tuesday,False,False,,
2025-04-16,Wednesday,False,False,,
2025-04-17,Thursday,False,False,,
2025-04-18,Friday,False,False,,
2025-04-19,Saturday,True,False,,
2025-04-20,Sunday,True,False,,
2025-04-21,Monday,False,False,,
2025-04-22,Tuesday,False,False,,
2025-04-23,Wednesday,False,True,Ulusal Egemenlik ve Çocuk Bayramı,national
2025-04-24,Thursday,False,False,,
2025-04-25,Friday,False,False,,
2025-04-26,Saturday,True,False,,
2025-04-27,Sunday,True,False,,
2025-04-28,Monday,False,False,,
2025-04-29,Tuesday,False,False,,
2025-04-30,Wednesday,False,False,,
2025-05-01,Thursday,False,True,Emek ve Dayanışma Günü,national
2025-05-02,Friday,False,False,,
2025-05-03,Saturday,True,False,,
2025-05-04,Sunday,True,False,,
2025-05-05,Monday,False,False,,
2025-05-06,Tuesday,False,False,,
2025-05-07,Wednesday,False,False,,
2025-05-08,Thursday,False,False,,
2025-05-09,Friday,False,False,,
2025-05-10,Saturday,True,False,,
2025-05-11,Sunday,True,False,,
2025-05-12,Monday,False,False,,
2025-05-13,Tuesday,False,False,,
2025-05-14,Wednesday,False,False,,
2025-05-15,Thursday,False,False,,
2025-05-16,Friday,False,False,,
2025-05-17,Saturday,True,False,,
2025-05-18,Sunday,True,False,,
2025-05-19,Monday,False,True,"Atatürk'ü Anma, Gençlik ve Spor Bayramı",national
2025-05-20,Tuesday,False,False,,
2025-05-21,Wednesday,False,False,,
2025-05-22,Thursday,False,False,,
2025-05-23,Friday,False,False,,
2025-05-24,Saturday,True,False,,
2025-05-25,Sunday,True,False,,
2025-05-26,Monday,False,False,,
2025-05-27,Tuesday,False,False,,
2025-05-28,Wednesday,False,False,,
2025-05-29,Thursday,False,False,,
2025-05-30,Friday,False,False,,
2025-05-31,Saturday,True,False,,
2025-06-01,Sunday,True,False,,
2025-06-02,Monday,False,False,,
2025-06-03,Tuesday,False,False,,
2025-06-04,Wednesday,False,False,,
2025-06-05,Thursday,False,False,,
2025-06-06,Friday,False,True,Kurban Bayramı,religious
2025-06-07,Saturday,True,True,Kurban Bayramı,religious
2025-06-08,Sunday,True,True,Kurban Bayramı,religious
2025-06-09,Monday,False,True,Kurban Bayramı,religious
2025-06-10,Tuesday,False,False,,
2025-06-11,Wednesday,False,False,,
2025-06-12,Thursday,False,False,,
2025-06-13,Friday,False,False,,
2025-06-14,Saturday,True,False,,
2025-06-15,Sunday,True,False,,
2025-06-16,Monday,False,False,,
2025-06-17,Tuesday,False,False,,
2025-06-18,Wednesday,False,False,,
2025-06-19,Thursday,False,False,,
2025-06-20,Friday,False,False,,
2025-06-21,Saturday,True,False,,
2025-06-22,Sunday,True,False,,
2025-06-23,Monday,False,False,,
2025-06-24,Tuesday,False,False,,
2025-06-25,Wednesday,False,False,,
2025-06-26,Thursday,False,False,,
2025-06-27,Friday,False,False,,
2025-06-28,Saturday,True,False,,
2025-06-29,Sunday,True,False,,
2025-06-30,Monday,False,False,,
2025-07-01,Tuesday,False,False,,
2025-07-02,Wednesday,False,False,,
2025-07-03,Thursday,False,False,,
2025-07-04,Friday,False,False,,
2025-07-05,Saturday,True,False,,
2025-07-06,Sunday,True,False,,
2025-07-07,Monday,False,False,,
2025-07-08,Tuesday,False,False,,
2025-07-09,Wednesday,False,False,,
2025-07-10,Thursday,False,False,,
2025-07-11,Friday,False,False,,
2025-07-12,Saturday,True,False,,
2025-07-13,Sunday,True,False,,
2025-07-14,Monday,False,False,,
2025-07-15,Tuesday,False,True,Demokrasi ve Milli Birlik Günü,national
2025-07-16,Wednesday,False,False,,
2025-07-17,Thursday,False,False,,
2025-07-18,Friday,False,False,,
2025-07-19,Saturday,True,False,,
2025-07-20,Sunday,True,False,,
2025-07-21,Monday,False,False,,
2025-07-22,Tuesday,False,False,,
2025-07-23,Wednesday,False,False,,
2025-07-24,Thursday,False,False,,
2025-07-25,Friday,False,False,,
2025-07-26,Saturday,True,False,,
2025-07-27,Sunday,True,False,,
2025-07-28,Monday,False,False,,
2025-07-29,Tuesday,False,False,,
2025-07-30,Wednesday,False,False,,
2025-07-31,Thursday,False,False,,
2025-08-01,Friday,False,False,,
2025-08-02,Saturday,True,False,,
2025-08-03,Sunday,True,False,,
2025-08-04,Monday,False,False,,
2025-08-05,Tuesday,False,False,,
2025-08-06,Wednesday,False,False,,
2025-08-07,Thursday,False,False,,
2025-08-08,Friday,False,False,,
2025-08-09,Saturday,True,False,,
2025-08-10,Sunday,True,False,,
2025-08-11,Monday,False,False,,
2025-08-12,Tuesday,False,False,,
2025-08-13,Wednesday,False,False,,
2025-08-14,Thursday,False,False,,
2025-08-15,Friday,False,False,,
2025-08-16,Saturday,True,False,,
2025-08-17,Sunday,True,False,,
2025-08-18,Monday,False,False,,
2025-08-19,Tuesday,False,False,,
2025-08-20,Wednesday,False,False,,
2025-08-21,Thursday,False,False,,
2025-08-22,Friday,False,False,,
2025-08-23,Saturday,True,False,,
2025-08-24,Sunday,True,False,,
2025-08-25,Monday,False,False,,
2025-08-26,Tuesday,False,False,,
2025-08-27,Wednesday,False,False,,
2025-08-28,Thursday,False,False,,
2025-08-29,Friday,False,False,,
2025-08-30,Saturday,True,True,Zafer Bayramı,national
2025-08-31,Sunday,True,False,,
2025-09-01,Monday,False,False,,
2025-09-02,Tuesday,False,False,,
2025-09-03,Wednesday,False,False,,
2025-09-04,Thursday,False,False,,
2025-09-05,Friday,False,False,,
2025-09-06,Saturday,True,False,,
2025-09-07,Sunday,True,False,,
2025-09-08,Monday,False,False,,
2025-09-09,Tuesday,False,False,,
2025-09-10,Wednesday,False,False,,
2025-09-11,Thursday,False,False,,
2025-09-12,Friday,False,False,,
2025-09-13,Saturday,True,False,,
2025-09-14,Sunday,True,False,,
2025-09-15,Monday,False,False,,
2025-09-16,Tuesday,False,False,,
2025-09-17,Wednesday,False,False,,
2025-09-18,Thursday,False,False,,
2025-09-19,Friday,False,False,,
2025-09-20,Saturday,True,False,,
2025-09-21,Sunday,True,False,,
2025-09-22,Monday,False,False,,
2025-09-23,Tuesday,False,False,,
2025-09-24,Wednesday,False,False,,
2025-09-25,Thursday,False,False,,
2025-09-26,Friday,False,False,,
2025-09-27,Saturday,True,False,,
2025-09-28,Sunday,True,False,,
2025-09-29,Monday,False,False,,
2025-09-30,Tuesday,False,False,,
2025-10-01,Wednesday,False,False,,
2025-10-02,Thursday,False,False,,
2025-10-03,Friday,False,False,,
2025-10-04,Saturday,True,False,,
2025-10-05,Sunday,True,False,,
2025-10-06,Monday,False,False,,
2025-10-07,Tuesday,False,False,,
2025-10-08,Wednesday,False,False,,
2025-10-09,Thursday,False,False,,
2025-10-10,Friday,False,False,,
2025-10-11,Saturday,True,False,,
2025-10-12,Sunday,True,False,,
2025-10-13,Monday,False,False,,
2025-10-14,Tuesday,False,False,,
2025-10-15,Wednesday,False,False,,
2025-10-16,Thursday,False,False,,
2025-10-17,Friday,False,False,,
2025-10-18,Saturday,True,False,,
2025-10-19,Sunday,True,False,,
2025-10-20,Monday,False,False,,
2025-10-21,Tuesday,False,False,,
2025-10-22,Wednesday,False,False,,
2025-10-23,Thursday,False,False,,
2025-10-24,Friday,False,False,,
2025-10-25,Saturday,True,False,,
2025-10-26,Sunday,True,False,,
2025-10-27,Monday,False,False,,
2025-10-28,Tuesday,False,False,,
2025-10-29,Wednesday,False,True,Cumhuriyet Bayramı,national
2025-10-30,Thursday,False,False,,
2025-10-31,Friday,False,False,,
2025-11-01,Saturday,True,False,,
2025-11-02,Sunday,True,False,,
2025-11-03,Monday,False,False,,
2025-11-04,Tuesday,False,False,,
2025-11-05,Wednesday,False,False,,
2025-11-06,Thursday,False,False,,
2025-11-07,Friday,False,False,,
2025-11-08,Saturday,True,False,,
2025-11-09,Sunday,True,False,,
2025-11-10,Monday,False,False,,
2025-11-11,Tuesday,False,False,,
2025-11-12,Wednesday,False,False,,
2025-11-13,Thursday,False,False,,
2025-11-14,Friday,False,False,,
2025-11-15,Saturday,True,False,,
2025-11-16,Sunday,True,False,,
2025-11-17,Monday,False,False,,
2025-11-18,Tuesday,False,False,,
2025-11-19,Wednesday,False,False,,
2025-11-20,Thursday,False,False,,
2025-11-21,Friday,False,False,,
2025-11-22,Saturday,True,False,,
2025-11-23,Sunday,True,False,,
2025-11-24,Monday,False,False,,
2025-11-25,Tuesday,False,False,,
2025-11-26,Wednesday,False,False,,
2025-11-27,Thursday,False,False,,
2025-11-28,Friday,False,False,,
2025-11-29,Saturday,True,False,,
2025-11-30,Sunday,True,False,,
2025-12-01,Monday,False,False,,
2025-12-02,Tuesday,False,False,,
2025-12-03,Wednesday,False,False,,
2025-12-04,Thursday,False,False,,
2025-12-05,Friday,False,False,,
2025-12-06,Saturday,True,False,,
2025-12-07,Sunday,True,False,,
2025-12-08,Monday,False,False,,
2025-12-09,Tuesday,False,False,,
2025-12-10,Wednesday,False,False,,
2025-12-11,Thursday,False,False,,
2025-12-12,Friday,False,False,,
2025-12-13,Saturday,True,False,,
2025-12-14,Sunday,True,False,,
2025-12-15,Monday,False,False,,
2025-12-16,Tuesday,False,False,,
2025-12-17,Wednesday,False,False,,
2025-12-18,Thursday,False,False,,
2025-12-19,Friday,False,False,,
2025-12-20,Saturday,True,False,,
2025-12-21,Sunday,True,False,,
2025-12-22,Monday,False,False,,
2025-12-23,Tuesday,False,False,,
2025-12-24,Wednesday,False,False,,
2025-12-25,Thursday,False,False,,
2025-12-26,Friday,False,False,,
2025-12-27,Saturday,True,False,,
2025-12-28,Sunday,True,False,,
2025-12-29,Monday,False,False,,
2025-12-30,Tuesday,False,False,,
2025-12-31,Wednesday,False,False,,
